SET
SEARCH_PATH  = meals;


INSERT INTO food_type(id, name) VALUES
    (2,'Clove Garlic'),
    (3,'Can Chopped Tomato'),
    (4,'Can Chickpeas'),
    (5,'Cherry Tomatoes'),
    (6,'String Beans'),
    (7,'Springs Mint'),
    (8,'Olive Oil'),
    (9,'Red Chilli'),
    (10,'Red Wine Vinegear'),
    (11,'Balsamic Vinegear'),
    (12,'Mozzarella Balls'),
    (13,'Slices Toasted Sourdough'),
    (14,'Orzo'),
    (15,'Red Peppers'),
    (16,'Olives Roughly Chopped'),
    (17,'Chilli Flakes'),
    (18,'Oregano'),
    (19,'Egg'),
    (20,'Wholemeal Tortilla'),
    (21,'Cumin'),
    (22,'Coriander'),
    (23,'Salt'),
    (24,'Red Onion'),
    (25,'Feta Cheese'),
    (26,'Carrots'),
    (27,'Tin Taco Beans'),
    (28,'Yogurt'),
    (29,'Cheddar Cheese'),
    (30,'Mayo'),
    (31,'Slice of Bread'),
    (32,'Onion'),
    (33,'Tomato and Chilli Pasta Sauce'),
    (34,'Baked Beans');

SELECT setval('food_type_seq', 35, true);


insert into recipe (id, kcal, serving_size, rating, notes, name, meal_type, in_rotation) values
     (2,'430','2','5','inserted by script','Bean Enchilada','DINNER','IN' ),
     (3,'300','2','5','inserted by script','Heuvos Rancheros','DINNER','IN' ),
     (4,'584','2','5','inserted by script','Baked Feta and Peppers','DINNER','IN' ),
     (5,'592','2','5','inserted by script','Angry Bean Salad','DINNER','IN' ),
     (6,'546 ','2','5','inserted by script','Baked Tomato Orzo','DINNER','IN' ),
     (7,'200','1','5','inserted by script','Beans on Toast','DINNER','IN' ),
     (8,'250','1','5','inserted by script','Toasted Cheese Zarm','DINNER','IN' ),
     (9,'90','2','5','inserted by script','Boiled Egg','DINNER','IN' );

SELECT setval('recipe_seq', 10, true);

insert into ingredient (id, quantity, metric, ingredient_type, food_type_id, recipe_id) values
      (2,'1','TABLE_SPOON','OTHER','8',2),
      (3,'1','BLANK','FRESH_PRODUCE','32',2),
      (4,'140','GRAM','FRESH_PRODUCE','26',2),
      (5,'1','PINCH','SPICE','17',2),
      (6,'400','GRAM','OTHER','3',2),
      (7,'400','GRAM','OTHER','27',2),
      (8,'3','SMALL','OTHER','20',2),
      (9,'100','GRAM','OTHER','28',2),
      (10,'50','GRAM','OTHER','29',2),
      (11,'1','TABLE_SPOON','OTHER','8',3),
      (12,'1','BLANK','OTHER','15',3),
      (13,'1','SMALL','OTHER','9',3),
      (14,'1','BLANK','OTHER','2',3),
      (15,'1','SMALL','OTHER','32',3),
      (16,'175','GRAM','OTHER','33',3),
      (17,'2','BLANK','OTHER','19',3),
      (18,'2','SMALL','OTHER','20',3),
      (19,'2','TABLE_SPOON','OTHER','8',4),
      (20,'1','TEA_SPOON','OTHER','21',4),
      (21,'1','TEA_SPOON','OTHER','22',4),
      (22,'1','BLANK','OTHER','2',4),
      (23,'1','TEA_SPOON','OTHER','9',4),
      (24,'1','TEA_SPOON','OTHER','23',4),
      (25,'2','BLANK','OTHER','15',4),
      (26,'1','BLANK','OTHER','24',4),
      (27,'500','GRAM','OTHER','5',4),
      (28,'1','BLANK','OTHER','4',4),
      (29,'170','GRAM','OTHER','25',4),
      (30,'400','GRAM','OTHER','5',5),
      (31,'400','GRAM','OTHER','6',5),
      (32,'4','BLANK','OTHER','7',5),
      (33,'4','BLANK','OTHER','2',5),
      (34,'2','BLANK','OTHER','9',5),
      (35,'1','TABLE_SPOON','OTHER','8',5),
      (36,'2','TABLE_SPOON','OTHER','10',5),
      (37,'2','TABLE_SPOON','OTHER','11',5),
      (38,'150','GRAM','OTHER','12',5),
      (39,'4','BLANK','OTHER','13',5),
      (40,'150','GRAM','OTHER','14',6),
      (41,'1','TABLE_SPOON','OTHER','8',6),
      (42,'2','BLANK','OTHER','15',6),
      (43,'1','CUP','OTHER','16',6),
      (44,'1','TEA_SPOON','OTHER','17',6),
      (45,'1','TEA_SPOON','OTHER','18',6),
      (46,'400','GRAM','OTHER','3',6),
      (47,'1','BLANK','OTHER','2',6),
      (48,'125','GRAM','OTHER','12',6),
      (49,'100','GRAM','OTHER','34',7),
      (50,'2','BLANK','OTHER','31',7),
      (51,'1','TABLE_SPOON','OTHER','30',8),
      (52,'50','GRAM','OTHER','29',8),
      (53,'2','BLANK','OTHER','31',8),
      (54,'1','BLANK','OTHER','19',9);

SELECT setval('ingredient_seq', 55, true);

insert into step (id, Step_no, details, recipe_id) values
    (2,'1','Heat the oil in a large frying pan. Cook the onions and carrots for 5-8 mins until soft – add a splash of water if they start to stick. Sprinkle in the chilli powder and cook for 1 min more. Pour in the tomatoes and beans and bring to the boil. Turn down the heat and simmer for 5-10 mins, stirring occasionally, until thickened. Remove from the heat and season well.',2),
    (3,'2','Heat grill to high. Spread a spoonful of the bean chilli over a large ovenproof dish. Lay each tortilla onto a board, fill with a few tbsp of chilli mixture, fold over the ends and roll up to seal. Place them into the ovenproof dish. Spoon the remaining chilli on top.',2),
    (4,'3','Mix the yogurt and grated cheese together with some seasoning, and spoon over the enchiladas. Grill for a few mins until the top is golden and bubbling.',2),
    (5,'1','Cook the onion, garlic and chilli together on a medium heat, once onions start to go transparent add peppers and pasta sauce.',3),
    (6,'2','Turn the oven grill on and slice the tortillas into 8 slices each',3),
    (7,'3','Once the peppers are cooked create scoops and put the eggs in the sauce/mixture and leave until eggs cooked to desired consistency',3),
    (8,'4','Place the tortillas in the oven under the grill for a few minutes to crisp, flipping when necessary',3),
    (9,'1','Preheat oven to 200C. Stir oil, Cumin, Coriander, garlic powder, Chilli flakes and salt together in a large bowl. Add bell peppers, onion, tomatoes and chickpeas; toss to coat well. Spread on a large rimmed baking sheet, leaving a 4-inch square empty in the center. Arrange feta pieces in the center in one layer; Bake, stirring the vegetables once but leaving the feta in place, until the vegetables are tender, about 20 minutes.',4),
    (10,'1','Carefully plunge the tomatoes into a pan of fast-boiling salted water for exactly 30 seconds, scoop out with a sieve and run under cold water.',5),
    (11,'2','Line up the beans, remove just the stalk ends and place in the boiling water for 4 minutes.',5),
    (12,'3','Meanwhile, pick the mint leaves, putting the baby leaves aside for garnish. Peel the garlic, then finely slice with the chillies.',5),
    (13,'4','Pinch and peel away the tomato skins, reserving the flesh (it’s a bit of a faff, but it’s worth it).',5),
    (14,'5','Drain the beans, placing the pan back on a medium heat.',5),
    (15,'6','Drizzle in 1 tablespoon of oil, then add the garlic, chilli and mint leaves. Fry for 2 minutes, add the tomatoes, vinegar''s and beans and simmer for 4 minutes, stirring regularly to break up the tomatoes.',5),
    (16,'7','Taste and season to absolute perfection with sea salt and black pepper, then spoon on to a platter along with any tasty juices',5),
    (17,'8','Scatter over the mozzarella and reserved mint leaves, and serve with hot toast.',5),
    (18,'1','Slice and roast the peppers in the air fryer 200C for 15 minSlice and roast the peppers in the air fryer 200C for 15 min',6),
    (19,'2','Heat oven to 200C. Tip the orzo into a medium casserole dish, then stir in the oil, red peppers, garlic, olives, chilli flakes and dried oregano. Tip in the chopped tomatoes, then refill the can halfway with water and pour that in too. Give everything a good mix, season, then cover and bake for 20 mins until the pasta is almost cooked. Take it out of the oven and give the orzo a stir. Remove the foil and return to the oven for a further 5 mins.',6),
    (20,'3','Heat the grill to high. Take the orzo out of the oven and tear the mozzarella over the top, then grill until melted and bubbling.',6),
    (21,'1','Toast the Bread',7),
    (22,'2','Put the beans on the bread',7),
    (23,'1','Grate the Cheese',8),
    (24,'2','Spread the Mayo on the Bread',8),
    (25,'3','Make a Sandwich and toast in a pan on both sides',8),
    (26,'1','Put Fridge cold eggs in a pot of already boiling water. 6 Min for Runny, 8 Min for Soft boiled and 10 Min for Hard Boiled',9);

SELECT setval('step_seq', 27, true);